,Mean,Median,Std Dev,Difference (Mean - Median)
Salle de bain,2.02320819112628,1.0,7.409251108955672,1.02320819112628
Salons,1.238826815642458,1.0,0.5547087229625386,0.238826815642458
Surface habitable,96.69097222222223,84.0,84.2334997241244,12.690972222222229
Frais de syndic,8052.272388059701,150.0,75242.52165658411,7902.272388059701
