,Salle de bain,Salons,Surface habitable,Frais de syndic
count,1465.0,1432.0,1440.0,536.0
mean,2.02320819112628,1.238826815642458,96.69097222222223,8052.272388059701
std,7.409251108955672,0.5547087229625386,84.2334997241244,75242.52165658411
min,0.0,0.0,1.0,1.0
25%,1.0,1.0,65.0,100.0
50%,1.0,1.0,84.0,150.0
75%,2.0,1.0,110.0,250.0
max,157.0,8.0,2111.0,950000.0
